First name,Last name,Joining Date,Age,Company Name,Favorite Hobby
Kevin,Thompson,2018-03-04,26,SoftwareSolutions Pro,Singing
Austin,Webster,2015-12-03,33,TechMavericks LLC,Painting
Erik,Fisher,2017-12-16,34,CodeMasters Group,Hiking
Stacy,Mendoza,2019-02-03,24,SoftwareSolutions Pro,Basketball
Nicole,Vasquez,2017-04-25,30,TechMavericks LLC,Photography
William,Santiago,2018-07-01,40,TechMavericks Solutions,Camping
Mark,Howard,2016-05-10,25,SoftwareSolutions LLC,Drawing
Leslie,Stevens,2017-11-01,23,SoftwareSolutions Pro,Reading
Matthew,Thompson,2017-05-03,21,TechTrend Solutions,Reading
Jeffery,Vasquez,2020-05-03,34,TechGiant Inc.,Cycling
Jeffrey,Martinez,2020-02-12,28,DataMasters Solutions,Yoga
Greg,Bates,2018-03-12,22,CodeWizards Co.,Yoga
Bradley,Robertson,2015-10-17,40,CyberSecure Corp.,Traveling
Alexandria,May,2021-07-13,34,TechTrend Solutions,Camping
Colton,Sexton,2018-03-12,21,InnovaCorp,Writing
Aaron,Mcguire,2021-09-17,26,DataMasters Inc.,Painting
Tammy,Flowers,2019-05-27,29,CyberSecure Solutions,Camping
Rose,Ryan,2021-12-20,35,CyberTech Ltd.,Fishing
Rachael,Jones,2017-12-24,33,TechMavericks Solutions,Hiking
Tracie,Garcia,2019-02-01,24,InnovatIQ Ltd.,Cooking
Jeffrey,Young,2021-08-19,28,DigitalEdge Solutions,Camping
Jason,Castro,2015-01-16,24,DataMasters Inc.,Crafting
Alyssa,Banks,2015-02-10,30,CodeMasters Ltd.,Traveling
Mark,Miles,2020-06-14,27,InnovaCorp,Cooking
Patrick,Sanders,2019-05-05,27,InnovaCorp Ltd.,Cooking
Robert,Wright,2016-02-23,30,CyberTech Ltd.,Hiking
Erin,Hammond,2018-01-27,32,TechMavericks LLC,Photography
Gary,King,2016-08-04,39,InnovaCorp Ltd.,Reading
Felicia,White,2018-05-24,30,TechGiant Inc.,Drawing
Derek,Neal,2017-05-13,31,InnovatIQ Ltd.,Drawing
Michael,Glenn,2016-05-23,24,SoftwarePros Inc.,Gaming
Sally,Alvarado,2018-12-03,39,SoftwareSolutions LLC,Painting
Rebecca,Smith,2019-03-06,22,InnovaCorp Ltd.,Reading
Ryan,Lamb,2020-01-12,29,CodeMasters Ltd.,Dancing
Gwendolyn,Warren,2015-12-19,39,SoftwarePros Inc.,Drawing
Christopher,Davies,2015-12-05,26,InnovaCorp Ltd.,Baking
Stephen,Walton,2019-10-28,38,CodeMasters Ltd.,Drawing
David,Cooper,2017-08-23,30,CyberTech Ltd.,Painting
David,Mcdonald,2015-08-26,24,TechMavericks Solutions,Painting
David,Zuniga,2018-11-05,22,TechTrend Group,Watching Movies
Yvette,Munoz,2015-01-13,27,TechGalaxy Inc.,Swimming
Vincent,Hall,2017-06-06,21,DataTech Corp.,Traveling
Jon,Davis,2017-03-14,23,DataTech Corp.,Photography
Kimberly,Cobb,2019-07-14,36,DigitalEdge Innovations,Gaming
Brian,Reid,2015-08-03,33,TechMavericks LLC,Watching Movies
Leah,Vazquez,2021-12-27,32,CodeWizards Co.,Traveling
Wesley,Watkins,2020-03-24,24,TechTrend Solutions,Cooking
John,Harrell,2019-06-03,21,DataTech Corp.,Cycling
Amber,Sellers,2017-04-08,31,CyberSecure Corp.,Hiking
Stacey,Solomon,2020-03-05,38,TechTrend Solutions,Fishing
Jessica,Anderson,2015-10-25,34,ByteCrafters Inc.,Fishing
Kyle,Parker,2016-12-09,25,CyberSecure Solutions,Playing Video Games
Patricia,Burch,2016-05-09,21,DigitalEdge Pros,Drawing
Chad,Baldwin,2015-06-21,27,InnovaCorp,Yoga
Tony,Hood,2017-11-21,32,DigitalEdge Innovations,Playing Guitar
Richard,Hawkins,2016-01-12,32,SoftwarePros LLC,Basketball
Christopher,Hall,2016-05-20,27,TechMavericks LLC,Cooking
Valerie,Mcdonald,2021-05-19,40,TechMavericks LLC,Watching Movies
Lisa,Zuniga,2019-08-19,39,TechTrend Solutions,Camping
Scott,Schneider,2015-11-12,30,DigitalEdge Solutions,Dancing
Gabriel,Love,2016-02-04,38,DigitalEdge Pros,Basketball
Jeffery,Chandler,2017-02-24,26,CodeMasters Ltd.,Singing
Christopher,Marsh,2018-04-26,30,TechTrend Group,Playing Video Games
Micheal,Gonzalez,2020-02-15,33,SoftwarePros LLC,Drawing
Cameron,Welch,2020-02-11,32,DataTech Corp.,Playing Guitar
Kelsey,Fischer,2016-09-06,30,InnovaCorp Ltd.,Gaming
Crystal,Reid,2016-08-16,31,CodeMasters Group,Writing
William,Chaney,2017-03-06,29,DataMasters Solutions,Fishing
Amy,Castillo,2016-12-06,35,TechMavericks LLC,Photography
Crystal,Wang,2015-01-01,32,CyberTech Ltd.,Fishing
David,Huff,2019-08-26,32,CyberSecure Corp.,Fishing
Jesus,Lee,2017-09-24,23,SoftwarePros Inc.,Basketball
Brian,Boyle,2021-05-14,39,TechGiant Inc.,Painting
Allison,Bradford,2019-04-14,32,TechMavericks LLC,Photography
Julia,Gibbs,2015-09-05,23,InnovaCorp,Reading
Michelle,Ortiz,2021-02-26,31,DigitalEdge Pros,Baking
Teresa,Perkins,2017-02-14,35,SoftwareSolutions LLC,Camping
Mark,Johnson,2017-07-29,28,SoftwareSolutions LLC,Gardening
Susan,Moran,2020-10-22,37,CodeMasters Group,Cooking
William,Robinson,2018-10-09,27,SoftwareSolutions LLC,Painting
Sarah,Willis,2019-11-24,38,DataMasters Solutions,Traveling
Roberto,Gaines,2021-06-03,40,SoftwareSolutions Pro,Basketball
Jason,Kelly,2017-12-01,26,SoftwarePros LLC,Playing Guitar
Tiffany,Patterson,2017-06-29,31,DigitalEdge Innovations,Reading
Chris,Long,2020-12-24,27,CodeWizards Ltd.,Singing
James,Hawkins,2016-11-23,36,CodeWizards Ltd.,Painting
David,Perry,2021-01-16,36,CodeMasters Group,Singing
Alejandra,Hall,2015-09-02,33,DigitalEdge Pros,Drawing
Denise,Johnson,2016-06-05,32,CodeWizards Ltd.,Basketball
Anthony,Parker,2015-08-17,32,DataTech Corp.,Swimming
Candice,Mcdonald,2020-09-07,36,ByteCrafters Inc.,Cycling
Brianna,Jones,2017-11-30,28,TechTrend Solutions,Fishing
Bryan,Ward,2020-04-19,35,TechMavericks Solutions,Gardening
Lauren,Keith,2016-08-28,33,SoftwarePros Inc.,Dancing
Richard,Howard,2015-09-29,22,DigitalEdge Pros,Playing Guitar
Erin,Merritt,2018-05-25,31,SoftwareSolutions Pro,Cycling
Nancy,Green,2015-05-18,23,TechGalaxy Inc.,Swimming
Joseph,Bowen,2021-01-12,33,TechGalaxy Inc.,Cooking
Sarah,Ward,2019-10-21,29,SoftwareSolutions Pro,Traveling
Patrick,Murray,2016-12-10,22,TechTrend Group,Basketball
Stanley,Snyder,2021-06-29,21,TechTrend Solutions,Writing
Amy,Hill,2020-12-21,27,DigitalEdge Innovations,Cycling
Michele,Brown,2018-07-20,26,DigitalEdge Innovations,Crafting
Jessica,Robinson,2021-07-25,26,TechMavericks LLC,Reading
Adam,Rivera,2015-10-19,23,InnovaCorp,Cycling
Christine,Schneider,2015-01-08,22,TechTrend Solutions,Reading
Tammy,Lee,2019-10-18,32,DataMasters Inc.,Yoga
Paula,Ramirez,2020-06-22,34,CyberSecure Corp.,Fishing
Denise,Rivera,2017-06-15,26,DigitalEdge Pros,Painting
Thomas,Hawkins,2021-12-01,23,SoftwarePros Inc.,Gaming
Robert,Howell,2018-12-22,37,ByteCrafters Inc.,Writing
Jennifer,Lee,2021-04-14,34,CyberTech Ltd.,Writing
Scott,Hodge,2016-06-14,23,InnovaCorp Ltd.,Drawing
Jason,Bell,2019-09-23,29,TechTrend Solutions,Running
Nathan,Gardner,2018-02-20,34,InnovaCorp,Cooking
Tami,Ferrell,2021-03-15,22,DigitalEdge Pros,Reading
Ana,Noble,2017-10-07,36,TechGiant Inc.,Dancing
Logan,Green,2021-08-24,32,SoftwarePros LLC,Reading
Jessica,Hendrix,2018-02-12,25,InnovaCorp Ltd.,Playing Guitar
Stephen,Trevino,2017-02-16,28,InnovaCorp Ltd.,Photography
Henry,Brown,2020-05-18,21,ByteCrafters Group,Cooking
Preston,Allen,2021-04-06,25,SoftwarePros LLC,Writing
Kaitlyn,Castillo,2020-03-20,39,TechMavericks LLC,Gaming
Daryl,Hubbard,2019-03-28,23,DigitalEdge Solutions,Fishing
Tracey,Woods,2017-03-18,24,CodeWizards Co.,Basketball
Gregory,Martinez,2021-04-08,33,DigitalEdge Pros,Drawing
Connor,Brown,2019-04-27,26,InnovaCorp Ltd.,Basketball
Laura,Reyes,2018-07-18,32,CodeMasters Ltd.,Hiking
Joseph,Ferguson,2020-01-04,35,DigitalEdge Pros,Watching Movies
Ryan,Price,2020-12-04,36,InnovaCorp Ltd.,Hiking
Sydney,Snyder,2021-04-11,25,DigitalEdge Pros,Gaming
Mike,Livingston,2020-08-31,38,ByteCrafters Group,Fishing
Darlene,Moore,2021-07-27,26,TechGalaxy Inc.,Playing Guitar
Robin,Jefferson,2018-08-12,35,ByteCrafters Inc.,Cycling
Alexandria,Thompson,2019-07-01,25,TechMavericks Solutions,Traveling
Lindsay,Williams,2016-09-29,36,SoftwarePros Inc.,Gaming
Julia,Bradford,2020-02-02,34,SoftwareSolutions LLC,Singing
Megan,Bolton,2021-10-05,25,CyberTech Ltd.,Cooking
James,Smith,2016-02-22,36,SoftwarePros Inc.,Drawing
Melissa,Hines,2018-04-13,26,TechTrend Solutions,Basketball
Teresa,Mathews,2020-09-05,25,ByteCrafters Inc.,Gardening
Jonathan,Moon,2017-07-18,28,InnovaCorp Ltd.,Cooking
Derek,Campbell,2020-07-01,21,TechGalaxy Inc.,Swimming
Dakota,Henderson,2016-01-02,27,TechMavericks Solutions,Singing
John,Hinton,2019-06-19,40,CodeWizards Ltd.,Painting
Julia,Patterson,2021-11-13,37,TechTrend Solutions,Traveling
Linda,Ramsey,2019-02-19,22,DigitalEdge Solutions,Basketball
Robin,Clark,2020-07-09,32,CodeWizards Ltd.,Baking
Luis,Quinn,2016-09-12,40,CyberTech Ltd.,Baking
Leah,Holt,2019-12-22,39,DataTech Corp.,Baking
Darren,Hayden,2021-09-29,35,DigitalEdge Solutions,Traveling
Kathleen,Weaver,2015-08-03,36,SoftwarePros LLC,Playing Video Games
Jason,Martinez,2020-06-29,28,InnovatIQ Ltd.,Watching Movies
Gregory,Harris,2015-05-30,22,CyberTech Ltd.,Swimming
Kristina,Barrett,2015-04-28,28,CodeMasters Group,Fishing
Calvin,Vega,2021-03-14,33,DataMasters Solutions,Watching Movies
Cheryl,Singleton,2020-03-18,21,CyberSecure Solutions,Traveling
Carl,Reed,2020-11-28,37,CodeWizards Ltd.,Crafting
Diane,Webb,2018-09-19,30,TechGiant Inc.,Swimming
Jessica,Howard,2018-08-07,27,SoftwareSolutions LLC,Playing Guitar
Emily,Watson,2021-07-21,38,TechGiant Inc.,Yoga
Ronald,Lewis,2015-11-15,33,ByteCrafters Group,Yoga
Matthew,Richardson,2017-12-24,40,TechTrend Solutions,Running
Rachel,Mckinney,2016-02-02,29,InnovaCorp Ltd.,Cycling
Elizabeth,Perry,2015-12-15,35,DataMasters Inc.,Cooking
Valerie,Allen,2020-07-06,37,SoftwareSolutions LLC,Crafting
Robert,Cox,2018-09-20,32,TechTrend Group,Drawing
Timothy,Barker,2016-07-21,25,TechGalaxy Inc.,Camping
David,Daniels,2021-04-03,35,TechGiant Inc.,Crafting
Laura,Walker,2015-06-08,29,InnovaCorp Ltd.,Basketball
Michael,Carter,2020-12-23,40,InnovaCorp,Photography
Robert,Vargas,2021-01-06,23,TechTrend Group,Fishing
Michael,Mclean,2020-01-09,28,CodeMasters Group,Photography
Julie,Garcia,2020-09-05,38,TechMavericks Solutions,Cycling
Paula,Johnson,2015-03-16,21,DataMasters Inc.,Singing
Robert,Duffy,2016-11-25,22,CyberTech Ltd.,Photography
Diana,Miller,2021-01-21,39,DataMasters Inc.,Dancing
Donald,Conway,2018-10-30,30,TechMavericks LLC,Playing Video Games
Nicholas,Hess,2018-02-19,38,DigitalEdge Solutions,Running
Samantha,Jackson,2016-01-29,26,TechMavericks LLC,Drawing
Michael,Kelley,2021-05-16,37,CodeWizards Ltd.,Swimming
Elizabeth,Flores,2019-05-15,29,InnovaCorp,Playing Guitar
Laura,Watts,2015-10-26,34,InnovatIQ Ltd.,Traveling
Taylor,Williams,2015-01-13,35,InnovatIQ Ltd.,Baking
Yolanda,Cooper,2019-06-01,30,TechMavericks Solutions,Cooking
Stephanie,Figueroa,2015-12-26,30,CodeWizards Ltd.,Dancing
Eric,Greene,2021-01-26,32,TechMavericks Solutions,Cycling
Jeremy,Perkins,2017-07-29,21,DataMasters Inc.,Photography
Alexander,Craig,2016-02-17,29,CodeWizards Co.,Photography
Diane,Hoffman,2017-03-31,39,CodeWizards Co.,Dancing
Scott,Macdonald,2017-02-06,23,TechTrend Solutions,Singing
Michael,Garcia,2015-07-23,39,InnovaCorp Ltd.,Singing
Cynthia,Grant,2018-02-23,32,CodeWizards Co.,Photography
Denise,Gonzalez,2018-12-10,37,TechGiant Inc.,Playing Guitar
Kenneth,Roberson,2015-10-14,39,TechTrend Solutions,Painting
Robert,Mullins,2017-10-17,26,TechMavericks Solutions,Swimming
Blake,Lopez,2020-08-29,26,CyberSecure Corp.,Running
Kyle,Roberts,2019-10-17,37,CodeWizards Co.,Painting
Amanda,Stafford,2019-08-07,35,DataMasters Solutions,Painting
Natalie,Bowen,2016-08-07,40,DataTech Corp.,Cycling
Kristin,Watson,2016-10-11,23,CodeWizards Co.,Fishing
James,Khan,2016-02-06,33,SoftwarePros LLC,Cycling
Paul,Hernandez,2016-04-23,26,DigitalEdge Pros,Photography
Erin,Moody,2019-08-10,36,CodeMasters Ltd.,Writing
Amy,Bates,2016-11-14,24,SoftwareSolutions LLC,Swimming
Crystal,Wallace,2019-08-15,34,TechTrend Group,Camping
Emily,Mcgee,2015-07-24,31,DataTech Corp.,Playing Video Games
Jacob,Woods,2015-10-04,27,CodeMasters Ltd.,Traveling
Courtney,Cook,2016-11-12,29,SoftwarePros LLC,Gardening
Sarah,Chavez,2019-12-12,22,CyberTech Ltd.,Writing
Dustin,Alvarado,2018-06-08,29,CodeWizards Co.,Baking
Michael,Romero,2017-06-23,37,SoftwareSolutions Pro,Cooking
Paula,Wright,2019-12-24,31,CyberTech Ltd.,Hiking
Amanda,Walker,2018-07-07,23,InnovaCorp Ltd.,Gaming
Holly,Hughes,2015-06-03,25,CodeMasters Group,Painting
Gabrielle,Adams,2015-05-17,33,CyberSecure Corp.,Fishing
Leonard,Terry,2019-05-08,21,CodeMasters Group,Playing Video Games
April,Mccullough,2021-06-08,27,CodeWizards Ltd.,Writing
Brandi,Thomas,2020-03-02,29,CyberTech Ltd.,Dancing
Maureen,Lane,2020-09-10,38,CyberSecure Solutions,Crafting
Dorothy,Johnson,2020-04-03,24,CodeWizards Co.,Gardening
Debbie,Cobb,2016-05-18,24,TechGalaxy Inc.,Crafting
Andrea,Wilkerson,2018-01-28,39,InnovaCorp,Running
Daniel,Gross,2015-06-15,34,DigitalEdge Solutions,Basketball
Stacey,Gates,2017-09-12,26,CyberSecure Corp.,Singing
Larry,Davis,2018-01-28,28,SoftwareSolutions LLC,Swimming
Laura,Brown,2017-11-10,35,CodeWizards Co.,Watching Movies
Lindsey,King,2017-04-08,21,TechGiant Inc.,Painting
David,Martin,2019-06-12,28,CyberSecure Corp.,Gaming
Robin,Oconnell,2019-05-22,38,DigitalEdge Pros,Singing
Gabriel,Rowe,2020-07-21,26,ByteCrafters Group,Crafting
William,Wheeler,2018-01-01,30,SoftwarePros LLC,Camping
Darrell,Ewing,2020-07-23,21,ByteCrafters Inc.,Painting
Walter,Stewart,2019-11-16,34,TechMavericks LLC,Singing
James,Duncan,2021-08-08,22,InnovaCorp,Dancing
Lindsey,Eaton,2021-08-31,35,CyberSecure Corp.,Gardening
Timothy,Wright,2017-09-23,35,TechTrend Group,Traveling
Shannon,Durham,2015-07-05,34,SoftwareSolutions Pro,Writing
Matthew,Browning,2015-05-23,23,InnovatIQ Ltd.,Playing Video Games
Brian,Jensen,2017-12-01,23,SoftwarePros Inc.,Cooking
Paul,Sullivan,2018-11-14,23,SoftwareSolutions Pro,Cooking
Sally,Hopkins,2017-05-07,34,TechTrend Solutions,Dancing
William,Warren,2021-01-29,35,CodeMasters Ltd.,Fishing
Kristina,Gomez,2019-05-02,39,DataTech Corp.,Gardening
Sue,West,2018-01-07,39,TechGalaxy Inc.,Camping
Elijah,Moore,2020-02-26,23,DigitalEdge Pros,Fishing
Tammy,Brown,2021-09-08,29,CyberSecure Solutions,Hiking
Rebecca,Wade,2016-04-22,22,TechTrend Group,Basketball
Steven,Murphy,2016-05-12,27,CyberSecure Solutions,Running
Kevin,Matthews,2017-12-17,25,InnovaCorp Ltd.,Camping
Hunter,Martinez,2020-08-04,30,CodeWizards Ltd.,Gardening
Daniel,Roberts,2020-06-20,40,TechMavericks LLC,Painting
Sean,Sanchez,2019-07-08,27,TechTrend Solutions,Writing
Roberto,Walton,2021-03-04,21,DigitalEdge Pros,Writing
Christopher,Kelly,2021-07-16,30,TechGiant Inc.,Dancing
Sarah,Riley,2021-06-04,34,DataMasters Inc.,Watching Movies
Samantha,Malone,2015-02-26,36,TechMavericks Solutions,Watching Movies
Joshua,Leblanc,2021-06-14,29,ByteCrafters Inc.,Gaming
Valerie,Brown,2020-12-14,40,CodeWizards Co.,Camping
Eric,Rodriguez,2016-10-08,32,DataMasters Inc.,Cooking
Sonya,Pratt,2018-09-30,27,ByteCrafters Group,Yoga
Patricia,Fox,2018-11-02,26,CyberSecure Solutions,Drawing
Joseph,Roberts,2021-12-05,31,TechMavericks Solutions,Basketball
William,Roberts,2015-11-15,39,DataTech Corp.,Traveling
Ashley,Hamilton,2020-11-03,40,CyberSecure Corp.,Singing
Michael,Jones,2017-09-15,23,TechMavericks Solutions,Playing Video Games
Mary,Gregory,2020-09-19,36,DataMasters Solutions,Baking
Joseph,Espinoza,2021-04-29,40,CyberTech Ltd.,Writing
Susan,Boyd,2017-06-21,36,TechGiant Inc.,Running
Susan,Williams,2021-02-26,23,CyberTech Ltd.,Playing Guitar
Douglas,Jones,2020-11-25,39,CodeMasters Group,Cooking
Aaron,Stevens,2017-10-24,26,CyberSecure Corp.,Playing Video Games
Andrea,Wiley,2015-12-05,24,DigitalEdge Pros,Hiking
Anthony,White,2015-06-21,22,CodeMasters Group,Cycling
Danielle,Olson,2016-05-22,37,TechGiant Inc.,Baking
Garrett,Price,2017-04-01,34,CyberSecure Solutions,Running
Katie,Robinson,2021-10-12,30,CodeWizards Ltd.,Playing Video Games
Tracy,Green,2021-04-11,30,InnovatIQ Ltd.,Camping
Alexandra,Harris,2021-05-25,22,SoftwarePros Inc.,Photography
Amanda,Patton,2016-06-09,37,SoftwarePros Inc.,Playing Video Games
Tracy,Boyd,2020-07-28,28,SoftwarePros Inc.,Playing Video Games
Eduardo,Neal,2016-03-26,22,ByteCrafters Inc.,Reading
Shawn,Martinez,2017-06-28,29,CyberSecure Corp.,Photography
Laura,Caldwell,2021-12-29,24,TechTrend Solutions,Playing Guitar
Ryan,Watkins,2016-11-06,28,DigitalEdge Innovations,Running
Daniel,Hayes,2018-01-22,22,InnovaCorp Ltd.,Basketball
Sierra,Ortega,2016-08-10,30,DataMasters Inc.,Basketball
Billy,Butler,2020-05-07,30,TechTrend Solutions,Gaming
Maria,Phillips,2019-02-09,30,DigitalEdge Pros,Baking
Tim,Jones,2018-11-22,22,ByteCrafters Group,Swimming
Michael,Jackson,2020-05-23,29,ByteCrafters Inc.,Drawing
Erin,Bond,2018-11-01,25,TechGalaxy Inc.,Photography
Daniel,Smith,2017-12-07,34,SoftwarePros Inc.,Cooking
Michele,Gonzales,2019-05-28,40,DataMasters Inc.,Basketball
Anthony,Ellis,2019-06-12,25,InnovaCorp Ltd.,Swimming
Michael,Brooks,2021-10-24,37,CodeWizards Ltd.,Dancing
Amber,Austin,2021-06-22,24,ByteCrafters Group,Cooking
Thomas,Delgado,2016-06-12,35,SoftwarePros LLC,Playing Guitar
Holly,Thompson,2021-06-28,32,SoftwarePros Inc.,Running
Patricia,Jones,2016-05-20,31,SoftwareSolutions Pro,Yoga
Randy,Salinas,2015-10-10,38,CodeWizards Co.,Playing Guitar
Ronald,Mcdowell,2021-07-06,38,InnovaCorp Ltd.,Watching Movies
Sara,Sanders,2016-05-28,29,DataMasters Inc.,Cycling
Amber,Ruiz,2020-03-23,35,CyberSecure Solutions,Writing
Joel,Sullivan,2015-02-25,33,TechGalaxy Inc.,Fishing
Tristan,Lopez,2015-10-01,21,SoftwarePros LLC,Baking
Alexis,Armstrong,2015-11-20,36,SoftwarePros Inc.,Yoga
Rebecca,Velazquez,2019-08-08,35,CyberSecure Corp.,Swimming
Kevin,Lam,2015-05-23,27,DigitalEdge Solutions,Cycling
Billy,Morrison,2020-08-15,39,CodeMasters Ltd.,Basketball
Tammie,Martin,2017-11-13,24,CyberSecure Corp.,Playing Video Games
Jose,Moore,2015-05-13,24,ByteCrafters Group,Camping
Deanna,Lewis,2018-02-18,33,DataMasters Inc.,Playing Guitar
Matthew,Peterson,2017-04-22,37,SoftwareSolutions Pro,Hiking
Barbara,Bell,2019-01-14,36,TechMavericks Solutions,Gaming
Daniel,Montgomery,2016-01-15,26,CyberSecure Solutions,Singing
Courtney,Johnson,2018-12-13,27,DigitalEdge Innovations,Baking
Christopher,Martin,2021-03-09,29,InnovatIQ Ltd.,Dancing
Frederick,Cortez,2018-03-29,38,ByteCrafters Group,Crafting
Judy,Parker,2017-05-25,22,SoftwarePros LLC,Cooking
Lauren,Hess,2016-12-17,39,CodeWizards Ltd.,Dancing
Tanya,Bradford,2019-12-30,35,DataMasters Inc.,Yoga
Timothy,Walker,2021-11-07,40,DigitalEdge Pros,Writing
Diana,Thompson,2019-09-06,25,CodeWizards Ltd.,Yoga
Christian,Harris,2021-03-21,35,TechTrend Solutions,Dancing
Nicole,Rodriguez,2018-04-11,35,TechGalaxy Inc.,Crafting
Christina,Moon,2021-10-27,34,CyberTech Ltd.,Crafting
Daniel,Arnold,2015-12-24,23,InnovaCorp,Dancing
Matthew,Fox,2016-05-21,29,CodeWizards Ltd.,Gardening
Erin,Nichols,2017-11-19,28,TechMavericks LLC,Drawing
Wesley,Carlson,2015-09-13,21,TechMavericks LLC,Yoga
Rachel,Barton,2019-12-11,34,InnovatIQ Ltd.,Fishing
Laurie,Poole,2018-11-23,35,CodeMasters Ltd.,Basketball
Christopher,Robinson,2015-02-22,28,CodeMasters Ltd.,Photography
Jacqueline,Mooney,2016-12-12,33,InnovatIQ Ltd.,Dancing
Benjamin,Miller,2019-06-17,40,TechMavericks Solutions,Playing Guitar
Anthony,Martin,2021-03-13,24,SoftwareSolutions Pro,Yoga
Sheena,Daniels,2020-09-01,25,DataTech Corp.,Singing
Kimberly,Paul,2020-06-04,40,SoftwareSolutions LLC,Crafting
Steven,Meadows,2016-12-16,39,SoftwareSolutions LLC,Gaming
Richard,Williams,2020-05-11,29,TechGalaxy Inc.,Cooking
Benjamin,Garcia,2019-11-30,21,CyberTech Ltd.,Basketball
Grant,Howard,2018-06-25,40,DigitalEdge Innovations,Baking
Justin,Reynolds,2017-08-23,31,CodeMasters Ltd.,Hiking
Gary,Henderson,2019-04-06,28,CodeWizards Co.,Cycling
Bridget,Johnson,2018-08-30,22,TechMavericks Solutions,Swimming
Angela,Fisher,2020-11-22,32,CodeMasters Ltd.,Gardening
Nicholas,Murphy,2021-12-09,34,CyberTech Ltd.,Gardening
Courtney,Mendoza,2016-10-26,24,InnovaCorp Ltd.,Dancing
Gina,Patton,2015-05-04,32,CodeWizards Ltd.,Drawing
Jeremiah,Lozano,2015-04-11,31,DataTech Corp.,Playing Video Games
Richard,Anthony,2017-05-22,38,SoftwareSolutions Pro,Painting
Sarah,Green,2017-12-05,32,TechTrend Group,Playing Video Games
Melinda,Mckinney,2015-10-16,40,ByteCrafters Inc.,Fishing
Yvonne,Medina,2017-10-15,24,CyberSecure Solutions,Painting
Jared,Powell,2016-03-07,32,SoftwarePros LLC,Yoga
Kenneth,Berry,2021-06-14,37,DataTech Corp.,Singing
Adriana,Snyder,2016-12-28,38,TechMavericks LLC,Basketball
Lindsey,Bryant,2017-11-08,38,DataTech Corp.,Fishing
Gary,Mitchell,2018-07-20,39,CodeMasters Group,Running
Kari,Lyons,2018-04-12,24,DigitalEdge Pros,Writing
Victoria,Chapman,2021-04-24,22,CodeWizards Ltd.,Playing Guitar
Amanda,Gardner,2016-04-09,33,DigitalEdge Solutions,Writing
Mary,Mitchell,2016-12-25,34,SoftwarePros LLC,Hiking
Danielle,Garrett,2016-07-31,26,DataMasters Inc.,Writing
Melissa,Brown,2021-07-31,34,CodeWizards Co.,Playing Video Games
Edward,Parker,2015-08-06,33,ByteCrafters Group,Painting
Joanna,Hill,2021-05-07,30,CodeMasters Ltd.,Fishing
Christine,Woods,2019-11-15,24,SoftwarePros Inc.,Singing
Robert,Lopez,2016-05-06,33,CyberTech Ltd.,Baking
Susan,Ward,2016-05-23,30,SoftwareSolutions Pro,Watching Movies
Sabrina,Watkins,2018-02-05,38,SoftwareSolutions Pro,Dancing
Robert,Bennett,2019-02-12,21,SoftwareSolutions LLC,Drawing
Pamela,Powers,2017-02-04,32,InnovatIQ Ltd.,Basketball
Diana,Reynolds,2021-03-30,34,SoftwareSolutions Pro,Singing
Nicholas,Patton,2018-06-22,27,TechMavericks Solutions,Swimming
Sharon,Bell,2021-06-29,26,DigitalEdge Solutions,Running
Bryan,Rose,2021-03-06,35,SoftwareSolutions Pro,Basketball
Mark,Johnson,2021-01-27,21,CodeMasters Ltd.,Crafting
David,Johnson,2016-05-27,27,TechGalaxy Inc.,Dancing
Nicholas,Park,2018-08-20,26,DataMasters Solutions,Fishing
Steven,Burton,2019-03-23,31,CyberSecure Corp.,Traveling
Jerry,Bates,2019-12-26,30,DigitalEdge Solutions,Cooking
Scott,Anderson,2015-08-16,33,DigitalEdge Innovations,Baking
David,Mclaughlin,2020-12-10,36,TechGalaxy Inc.,Watching Movies
Jessica,Davis,2021-11-01,33,CyberSecure Corp.,Watching Movies
Matthew,Griffith,2019-01-07,25,CodeWizards Ltd.,Reading
Robert,Clark,2019-04-26,21,SoftwareSolutions LLC,Drawing
Roger,Stanton,2019-08-02,25,CodeWizards Ltd.,Traveling
Kathryn,Hartman,2016-01-29,33,CodeMasters Ltd.,Singing
Jacob,Myers,2017-09-23,22,InnovatIQ Ltd.,Cooking
Morgan,Fischer,2018-07-02,21,SoftwarePros LLC,Dancing
Lisa,Martinez,2020-05-26,25,CodeMasters Group,Camping
Claudia,James,2020-12-03,34,InnovaCorp Ltd.,Fishing
Ruben,Hendrix,2016-09-06,40,TechTrend Group,Writing
Caroline,Moreno,2019-10-02,38,CodeWizards Co.,Traveling
Joshua,Williams,2020-06-20,23,ByteCrafters Group,Running
Lynn,Taylor,2020-06-11,31,CyberTech Ltd.,Gaming
Teresa,Henry,2017-07-04,30,CyberSecure Corp.,Swimming
Robert,Lewis,2021-05-12,37,CodeWizards Ltd.,Singing
Robert,Thompson,2018-05-31,26,SoftwarePros Inc.,Singing
Kenneth,Hernandez,2021-11-21,21,DataMasters Solutions,Baking
Kevin,Morales,2020-02-04,25,TechMavericks LLC,Yoga
Rebecca,Wells,2015-11-02,34,CodeMasters Group,Painting
Jessica,Kent,2018-04-24,23,CodeMasters Group,Writing
Zoe,Lowe,2016-07-15,26,DigitalEdge Solutions,Singing
Kim,Stark,2020-06-03,28,CyberSecure Solutions,Gardening
Mark,Butler,2019-11-23,22,DataMasters Inc.,Playing Guitar
Tanya,Henderson,2017-09-03,39,TechMavericks Solutions,Dancing
Heather,Ryan,2016-05-20,28,SoftwareSolutions LLC,Baking
Chelsea,Adams,2021-05-08,23,TechGiant Inc.,Photography
Lisa,Brown,2020-11-19,33,InnovaCorp,Yoga
Ian,Perez,2021-01-28,25,CodeWizards Ltd.,Dancing
Andrew,Adams,2015-09-21,34,TechMavericks LLC,Fishing
Dalton,Dominguez,2016-07-05,37,ByteCrafters Group,Painting
Amy,Parker,2017-08-01,31,DigitalEdge Solutions,Running
Tara,Bishop,2021-05-03,35,ByteCrafters Inc.,Watching Movies
Danny,Smith,2015-04-22,33,DataTech Corp.,Baking
Sharon,Chen,2018-02-04,28,InnovaCorp Ltd.,Cooking
Logan,Pace,2019-02-20,40,InnovaCorp,Running
Cesar,Robinson,2019-06-06,31,ByteCrafters Group,Photography
Marcus,Russell,2015-12-26,21,TechTrend Solutions,Hiking
David,Chavez,2021-07-22,26,DataMasters Solutions,Dancing
Steven,Stevens,2016-02-21,35,DataMasters Inc.,Reading
Christian,Martin,2016-06-12,35,TechMavericks Solutions,Painting
Laurie,Doyle,2021-09-06,38,CodeMasters Group,Playing Guitar
Holly,Johnson,2021-10-15,27,DataMasters Solutions,Photography
Brian,Hall,2018-07-31,21,DigitalEdge Pros,Watching Movies
Jennifer,Jackson,2019-03-15,40,InnovaCorp,Crafting
Sandra,Lewis,2016-11-24,33,ByteCrafters Group,Camping
Michael,Carroll,2018-03-27,39,DataTech Corp.,Cycling
Kathleen,Bryan,2020-09-17,32,ByteCrafters Inc.,Drawing
Joshua,Conner,2021-02-28,38,DigitalEdge Innovations,Yoga
Suzanne,Garcia,2017-12-21,35,CodeWizards Co.,Camping
Alan,Berg,2021-09-19,36,SoftwareSolutions LLC,Photography
Mark,Johnson,2019-07-26,35,InnovatIQ Ltd.,Painting
Deborah,Hays,2019-11-02,31,InnovaCorp Ltd.,Swimming
Gabriel,Bonilla,2016-02-11,23,SoftwareSolutions LLC,Basketball
Matthew,Reeves,2020-07-04,34,InnovaCorp Ltd.,Hiking
Jeremy,Freeman,2021-02-09,39,TechTrend Solutions,Cycling
Elizabeth,Brooks,2019-04-14,37,CodeWizards Ltd.,Traveling
April,Lambert,2018-08-20,27,DigitalEdge Innovations,Gaming
Steven,Carlson,2020-05-08,22,SoftwarePros Inc.,Hiking
Crystal,Hill,2021-03-22,25,InnovaCorp Ltd.,Playing Guitar
Joseph,West,2016-04-08,39,CyberSecure Solutions,Fishing
Randy,Huffman,2015-10-24,29,DigitalEdge Innovations,Cooking
Jeremy,Davidson,2016-10-14,31,InnovaCorp Ltd.,Fishing
Cindy,Scott,2021-11-01,25,TechMavericks Solutions,Painting
Jessica,Doyle,2015-05-07,39,TechTrend Group,Camping
David,Davis,2021-09-13,22,TechTrend Solutions,Running
Mason,Brown,2016-02-13,30,CodeWizards Co.,Yoga
Kelly,Cole,2021-03-22,40,TechGalaxy Inc.,Cooking
Corey,Rose,2017-02-11,29,ByteCrafters Group,Swimming
Nicholas,Payne,2020-04-08,30,CyberSecure Solutions,Cooking
Steven,Ford,2020-05-22,28,CodeMasters Ltd.,Drawing
Mary,Singh,2018-08-01,31,CodeMasters Group,Photography
Chelsea,Hughes,2018-03-16,36,CyberTech Ltd.,Drawing
Steven,Harris,2016-06-27,29,InnovaCorp Ltd.,Watching Movies
Kenneth,Mccarthy,2021-07-07,23,InnovaCorp,Photography
Marilyn,Brown,2015-07-23,32,InnovaCorp,Running
Michael,Gray,2017-05-22,39,CodeMasters Group,Playing Video Games
Susan,Young,2020-05-21,28,CodeMasters Ltd.,Gardening
Leslie,Mayer,2015-08-29,38,TechMavericks Solutions,Singing
Daniel,Gibson,2020-12-15,25,CyberSecure Corp.,Traveling
Amber,Kirk,2019-06-12,26,CyberSecure Corp.,Running
Chelsea,Salinas,2019-05-22,40,TechGalaxy Inc.,Watching Movies
Melanie,Mitchell,2018-01-02,33,CodeMasters Ltd.,Drawing
Peter,Rivera,2016-04-08,31,DataMasters Inc.,Crafting
Michelle,Rasmussen,2021-03-11,21,TechGalaxy Inc.,Basketball
Raymond,Alexander,2020-11-09,32,DataMasters Solutions,Singing
Doris,Rogers,2015-05-09,28,SoftwarePros Inc.,Gaming
David,Brown,2017-11-23,39,TechTrend Solutions,Gaming
Kayla,Roberts,2015-01-06,22,TechMavericks LLC,Traveling
Wendy,Newton,2020-04-19,29,CyberSecure Corp.,Fishing
Thomas,Thompson,2016-06-13,28,DataMasters Solutions,Cycling
Kyle,Johnson,2018-02-18,33,TechGiant Inc.,Photography
Aimee,Knox,2018-09-24,21,TechGiant Inc.,Watching Movies
Brittney,Martinez,2020-02-13,33,InnovaCorp,Baking
Michelle,Johnson,2016-04-09,40,TechGiant Inc.,Gaming
Dale,Simmons,2018-11-29,37,CodeMasters Ltd.,Singing
Ruth,Mitchell,2021-08-20,25,CyberSecure Corp.,Gaming
Joan,Nelson,2018-04-02,21,TechMavericks LLC,Gardening
Amy,Ortiz,2021-05-30,22,CyberSecure Corp.,Dancing
Linda,Moore,2020-07-14,38,CyberSecure Solutions,Hiking
Michele,Garcia,2015-04-23,35,CodeMasters Ltd.,Singing
William,Evans,2016-11-26,31,SoftwareSolutions LLC,Basketball
Jennifer,Knight,2016-08-24,33,DataMasters Inc.,Hiking
Carrie,Conley,2019-09-05,36,DataMasters Solutions,Crafting
Isaac,Clark,2018-01-26,22,InnovaCorp Ltd.,Dancing
Samuel,Lawson,2018-05-07,35,TechMavericks LLC,Swimming
Anthony,Wilson,2016-07-14,26,CyberSecure Corp.,Running
Diane,Park,2016-02-17,25,ByteCrafters Inc.,Yoga
Andre,Cox,2018-03-01,26,TechGalaxy Inc.,Traveling
Edward,Cuevas,2015-10-04,38,TechMavericks LLC,Gardening
Tracy,Solis,2015-03-17,22,DigitalEdge Pros,Watching Movies
Margaret,Guzman,2016-01-09,24,ByteCrafters Group,Cooking
Vanessa,Brown,2020-10-23,39,DataMasters Solutions,Cooking
Anthony,Ward,2018-03-05,30,DigitalEdge Pros,Yoga
Ellen,Johnson,2017-09-15,36,CyberSecure Corp.,Writing
Christopher,Fuller,2016-02-10,39,InnovaCorp Ltd.,Gardening
Steven,Bowman,2019-07-29,24,DigitalEdge Pros,Running
Kathy,Jacobs,2021-10-06,30,ByteCrafters Inc.,Photography
Gwendolyn,Smith,2017-08-17,29,CyberSecure Solutions,Watching Movies
Rachel,Jackson,2021-11-23,35,DataMasters Solutions,Running
Jamie,Rowe,2021-11-01,36,CyberSecure Solutions,Hiking
Jessica,Woods,2019-11-20,39,DataMasters Solutions,Photography
Cynthia,Adkins,2016-08-08,38,SoftwareSolutions LLC,Swimming
Suzanne,Werner,2015-07-10,22,DigitalEdge Innovations,Gaming
Laura,Simpson,2019-08-30,21,ByteCrafters Group,Running
Julie,Freeman,2017-10-22,29,TechMavericks LLC,Gaming
Brenda,Bell,2021-04-12,39,DigitalEdge Pros,Playing Guitar
Kyle,Jackson,2019-10-05,29,SoftwarePros Inc.,Photography
Brandon,Flores,2015-10-20,37,ByteCrafters Inc.,Dancing
Larry,Cox,2018-08-07,34,SoftwareSolutions Pro,Swimming
Michael,King,2016-09-29,40,CodeMasters Ltd.,Cooking
Pamela,Holmes,2019-09-08,31,CodeWizards Ltd.,Hiking
Michele,Jensen,2021-03-27,21,InnovatIQ Ltd.,Gaming
Lisa,Coffey,2015-11-14,32,DigitalEdge Pros,Singing
Kevin,Ramirez,2019-10-30,28,CodeWizards Co.,Gardening
Ashley,Adams,2021-06-27,35,InnovatIQ Ltd.,Cycling
Michele,Wallace,2015-05-09,21,TechTrend Group,Fishing
Sharon,Harrison,2015-04-04,31,SoftwareSolutions LLC,Basketball
Sarah,Hodge,2021-02-18,39,DigitalEdge Pros,Basketball
Phillip,Wolfe,2015-03-23,32,SoftwareSolutions LLC,Cooking
Thomas,Stewart,2020-03-29,29,DigitalEdge Solutions,Cooking
Angela,Lee,2016-08-21,32,DigitalEdge Solutions,Cycling
Crystal,Mccormick,2020-03-04,23,ByteCrafters Group,Cycling
Shawn,Ferrell,2017-11-30,23,SoftwarePros Inc.,Playing Video Games
Ryan,Bass,2021-03-16,30,ByteCrafters Inc.,Singing
Gina,Bradley,2017-06-10,22,DigitalEdge Innovations,Camping
Jack,Lucas,2017-11-09,24,CodeMasters Group,Reading
Jessica,Diaz,2015-05-14,40,TechGalaxy Inc.,Running
Michael,Melton,2015-02-14,36,ByteCrafters Inc.,Playing Guitar
Alejandro,Prince,2019-01-15,31,SoftwareSolutions Pro,Dancing
Alexis,Perez,2016-05-14,40,DataMasters Inc.,Gardening
Bethany,Robinson,2016-05-06,26,CyberTech Ltd.,Photography
Jason,Jacobs,2017-10-28,22,CodeWizards Co.,Hiking
Chelsea,Parrish,2019-01-27,39,DigitalEdge Innovations,Gaming
Jeremiah,Smith,2020-06-09,31,SoftwareSolutions LLC,Watching Movies
Joshua,Dickerson,2016-08-07,23,SoftwareSolutions LLC,Swimming
Amber,Johnson,2019-03-14,38,DigitalEdge Innovations,Dancing
Maria,Gill,2019-01-30,29,TechMavericks LLC,Playing Video Games
Patrick,David,2020-09-14,36,DataMasters Inc.,Painting
Sarah,Davenport,2016-10-30,37,CyberTech Ltd.,Singing
Samantha,Jones,2018-10-14,33,ByteCrafters Group,Gardening
Michael,Carter,2015-02-12,31,CodeWizards Ltd.,Reading
Heidi,Rosario,2017-07-11,31,CodeMasters Ltd.,Watching Movies
Megan,Martin,2017-06-05,29,SoftwareSolutions LLC,Crafting
Sergio,Watson,2016-09-12,31,DigitalEdge Solutions,Crafting
Scott,Weaver,2020-04-12,31,CyberSecure Solutions,Camping
Kelly,Fox,2015-04-09,35,InnovaCorp,Writing
Joanna,Ward,2021-11-18,33,SoftwarePros LLC,Crafting
Sarah,Snyder,2017-05-19,34,TechMavericks LLC,Basketball
Michael,Mcgee,2017-02-08,26,ByteCrafters Inc.,Writing
Christopher,Torres,2016-11-11,30,InnovaCorp Ltd.,Drawing
Kim,King,2017-06-29,24,CodeMasters Ltd.,Cooking
Katie,Leon,2019-07-06,35,ByteCrafters Group,Swimming
Maria,Alvarez,2017-04-20,39,ByteCrafters Inc.,Reading
Brooke,King,2020-04-11,28,InnovaCorp,Singing
Dan,Simpson,2015-02-28,36,TechGiant Inc.,Baking
Christopher,Forbes,2020-10-14,22,SoftwareSolutions LLC,Cooking
Daniel,Hernandez,2016-01-31,37,InnovaCorp,Photography
Jennifer,Drake,2017-08-31,36,DataMasters Inc.,Cycling
Benjamin,Vazquez,2017-10-26,26,InnovaCorp,Camping
James,Owen,2018-03-19,27,DigitalEdge Pros,Fishing
Courtney,Maldonado,2018-09-03,35,InnovaCorp,Cycling
Michael,Lee,2020-12-24,35,InnovaCorp Ltd.,Fishing
Stefanie,Stark,2015-01-24,36,CodeWizards Ltd.,Running
Alejandro,Carter,2019-01-31,26,TechTrend Solutions,Crafting
Richard,Macias,2016-02-09,24,CodeWizards Co.,Gardening
Ann,Burke,2020-02-16,38,CodeWizards Co.,Fishing
Steven,Velazquez,2020-08-16,22,DigitalEdge Solutions,Crafting
Brenda,Lewis,2018-12-04,39,CodeMasters Group,Watching Movies
Keith,Hoover,2019-09-06,32,ByteCrafters Inc.,Fishing
Jenna,Hamilton,2020-12-07,33,TechMavericks LLC,Fishing
David,Stanton,2018-09-28,21,SoftwarePros Inc.,Drawing
Mark,Reed,2015-04-09,32,DigitalEdge Innovations,Gardening
William,Nunez,2018-02-17,39,CodeWizards Co.,Hiking
Michelle,Thompson,2017-06-09,31,ByteCrafters Group,Dancing
Deanna,Davis,2019-07-23,28,TechMavericks LLC,Playing Guitar
Justin,Hernandez,2016-07-20,28,CodeMasters Ltd.,Yoga
Nicole,Solomon,2020-12-15,40,DataMasters Solutions,Yoga
Amy,Ferguson,2015-07-21,36,DataMasters Inc.,Hiking
Caleb,Wallace,2020-11-29,31,TechTrend Group,Gardening
Frederick,Frank,2021-07-16,27,CyberSecure Corp.,Camping
Grant,Morales,2020-10-05,31,SoftwarePros Inc.,Basketball
Alicia,Lamb,2015-04-14,21,InnovaCorp,Gaming
Jennifer,Moss,2017-11-15,34,SoftwarePros Inc.,Drawing
Colleen,Melton,2015-11-29,27,TechTrend Group,Crafting
Melanie,Austin,2016-07-27,31,DigitalEdge Solutions,Reading
Joseph,Morgan,2020-08-21,37,SoftwarePros LLC,Baking
Christopher,Key,2016-10-06,28,TechGiant Inc.,Camping
Jeffrey,Knight,2017-10-20,27,SoftwarePros LLC,Writing
Lynn,Smith,2019-09-05,27,InnovaCorp Ltd.,Reading
Joseph,Herman,2016-03-16,31,DataTech Corp.,Fishing
Carly,Grant,2020-05-17,31,TechMavericks LLC,Basketball
Chad,Moore,2019-03-19,24,DataTech Corp.,Watching Movies
Dan,Rogers,2020-06-14,38,TechGiant Inc.,Crafting
Steve,Lee,2020-10-04,35,CyberSecure Corp.,Swimming
Jose,Dougherty,2018-06-12,29,CodeWizards Ltd.,Singing
Rachael,Cook,2017-07-23,38,DigitalEdge Pros,Fishing
Katie,Hamilton,2018-12-21,37,ByteCrafters Inc.,Painting
Sheri,Mcdonald,2020-11-12,31,ByteCrafters Inc.,Reading
Jeffrey,Stewart,2016-08-20,30,TechMavericks LLC,Swimming
Crystal,Brown,2015-08-29,32,CodeMasters Group,Cooking
Philip,Clark,2019-07-23,24,CodeMasters Ltd.,Baking
Craig,Roach,2018-04-04,27,CyberTech Ltd.,Drawing
Hector,Hale,2015-08-26,23,DataMasters Solutions,Watching Movies
Michael,Key,2015-08-31,39,SoftwareSolutions Pro,Basketball
Kevin,Hunter,2015-03-08,31,SoftwarePros LLC,Watching Movies
Daniel,Bass,2015-07-25,37,DataTech Corp.,Reading
Eric,Rodriguez,2018-05-19,38,DataMasters Solutions,Swimming
Jeffrey,Day,2017-08-24,40,TechTrend Solutions,Playing Guitar
Chad,Galvan,2020-07-20,36,DataTech Corp.,Running
William,Wood,2018-08-25,23,SoftwarePros Inc.,Yoga
Brittany,Day,2017-12-11,23,DigitalEdge Solutions,Playing Guitar
Mathew,Perry,2020-09-28,35,DigitalEdge Solutions,Dancing
Eric,Wood,2017-05-25,29,CodeMasters Group,Singing
Christopher,Smith,2017-10-11,24,TechTrend Solutions,Traveling
Jason,Webb,2021-12-19,30,SoftwarePros Inc.,Photography
Anthony,Salazar,2020-10-11,37,SoftwareSolutions LLC,Swimming
Jeremy,Durham,2018-01-28,23,TechMavericks Solutions,Photography
John,Watson,2021-06-22,36,CyberTech Ltd.,Writing
Kathleen,Miller,2016-05-29,27,SoftwarePros LLC,Basketball
Sarah,Garza,2015-11-11,30,SoftwarePros LLC,Watching Movies
Christian,Reynolds,2016-07-15,21,InnovaCorp,Photography
William,Russo,2015-10-07,29,TechMavericks LLC,Playing Guitar
Adam,Robinson,2015-03-12,25,TechTrend Solutions,Basketball
Michael,Williams,2017-06-19,24,CyberSecure Corp.,Gardening
George,Burns,2020-10-30,39,DataMasters Solutions,Running
Juan,Garcia,2021-05-27,25,ByteCrafters Inc.,Playing Guitar
Leslie,Sullivan,2019-04-06,36,DataMasters Solutions,Painting
Melissa,Young,2015-01-04,26,InnovaCorp Ltd.,Photography
Brian,Joyce,2019-04-16,32,DataMasters Inc.,Gardening
Aaron,Cook,2019-10-13,28,SoftwareSolutions Pro,Traveling
Rachel,Baker,2016-07-05,24,DataTech Corp.,Camping
Eddie,Martin,2018-01-02,37,CodeWizards Ltd.,Hiking
Crystal,Harrison,2018-05-29,33,CyberSecure Corp.,Drawing
April,Lewis,2021-03-26,28,InnovaCorp,Crafting
Stephen,Fox,2019-12-05,28,SoftwareSolutions LLC,Fishing
Christopher,Graham,2017-08-01,26,DigitalEdge Innovations,Gaming
Kenneth,Smith,2021-03-14,39,TechGiant Inc.,Camping
Vicki,Jenkins,2016-07-01,28,InnovaCorp,Gardening
Gary,Mitchell,2017-10-28,39,TechMavericks Solutions,Camping
Patricia,Doyle,2015-11-22,23,SoftwarePros LLC,Swimming
Bonnie,Werner,2018-03-26,28,DigitalEdge Solutions,Watching Movies
Kimberly,Martin,2015-05-08,36,DigitalEdge Innovations,Playing Guitar
Jacqueline,Foster,2017-07-21,31,CyberTech Ltd.,Fishing
Courtney,Thomas,2020-06-03,39,SoftwarePros LLC,Baking
Jonathan,Lewis,2016-05-17,39,ByteCrafters Inc.,Drawing
Angelica,Dixon,2016-07-11,25,TechTrend Solutions,Writing
Tammy,Mcintosh,2018-08-07,22,TechMavericks Solutions,Crafting
Stacy,Allen,2020-09-07,36,InnovatIQ Ltd.,Hiking
Jonathan,Hernandez,2015-05-16,32,InnovatIQ Ltd.,Hiking
Rhonda,Bird,2016-12-25,38,SoftwarePros Inc.,Crafting
Matthew,Tran,2019-12-30,32,CyberTech Ltd.,Crafting
Theresa,Ramirez,2017-09-01,36,TechMavericks LLC,Baking
Noah,Olson,2019-06-02,35,DigitalEdge Pros,Painting
Darlene,Lowe,2015-06-16,39,TechGiant Inc.,Gaming
Lisa,Wells,2019-03-02,38,CodeMasters Group,Fishing
Charles,Wong,2018-01-23,29,TechTrend Group,Reading
Ryan,Johnson,2021-03-04,25,SoftwareSolutions LLC,Cycling
Charles,Nguyen,2020-08-19,23,InnovaCorp,Running
Kathleen,White,2016-08-31,38,CyberSecure Solutions,Running
Aaron,Hill,2015-02-26,29,CyberSecure Solutions,Baking
Richard,Craig,2015-06-10,21,SoftwarePros LLC,Singing
Rebecca,Chavez,2019-12-06,22,DigitalEdge Innovations,Playing Guitar
Lisa,Colon,2016-01-05,35,CodeMasters Group,Playing Guitar
Tara,Rodgers,2015-12-14,36,SoftwareSolutions Pro,Running
Rachel,Horton,2021-03-18,26,InnovaCorp,Gardening
Tammy,Castaneda,2020-06-30,22,TechMavericks Solutions,Cooking
Jennifer,Campbell,2017-04-09,22,CyberSecure Solutions,Playing Guitar
Luke,Bailey,2019-10-12,33,CodeMasters Group,Playing Video Games
Robin,Edwards,2016-08-29,25,InnovaCorp Ltd.,Reading
Melissa,Rose,2020-04-15,27,TechMavericks Solutions,Writing
Patricia,Mitchell,2019-03-07,31,ByteCrafters Inc.,Reading
Cameron,Chan,2017-12-17,26,DigitalEdge Pros,Writing
David,Stafford,2016-06-17,34,CyberSecure Corp.,Playing Guitar
Christine,Wells,2020-02-20,35,SoftwarePros LLC,Photography
Mary,Fleming,2018-01-15,21,CodeMasters Group,Gaming
Christian,Mack,2018-05-13,33,CyberSecure Solutions,Dancing
Colleen,Myers,2021-06-06,29,CodeMasters Ltd.,Playing Video Games
Travis,Boone,2017-10-12,33,CodeMasters Group,Singing
Nicole,Rivers,2020-06-24,30,CodeWizards Ltd.,Drawing
Raymond,Miles,2015-05-11,39,ByteCrafters Inc.,Camping
Matthew,Neal,2021-10-14,27,DigitalEdge Solutions,Cycling
Scott,Barnett,2019-08-15,25,TechMavericks LLC,Fishing
Victoria,Mejia,2016-07-05,23,SoftwarePros Inc.,Yoga
Rachel,Clark,2020-04-18,24,SoftwareSolutions Pro,Playing Video Games
Brian,Hall,2015-09-14,22,InnovatIQ Ltd.,Fishing
Melissa,Figueroa,2016-11-20,21,SoftwarePros LLC,Hiking
Daniel,Allen,2017-03-02,31,CyberTech Ltd.,Gardening
Nathan,Gonzalez,2018-01-08,24,DigitalEdge Solutions,Basketball
Corey,Underwood,2018-10-29,39,TechTrend Group,Traveling
Eric,Dodson,2019-06-09,35,SoftwareSolutions LLC,Swimming
Cassandra,Brown,2018-12-24,21,CodeWizards Ltd.,Reading
Lisa,Daniels,2018-07-22,31,DigitalEdge Pros,Singing
Alicia,Cisneros,2016-10-29,38,InnovatIQ Ltd.,Watching Movies
Kari,Carrillo,2020-05-18,25,TechGiant Inc.,Watching Movies
Danielle,Washington,2015-05-28,40,ByteCrafters Group,Yoga
Heather,Zimmerman,2018-06-22,29,TechTrend Group,Painting
Edward,Miles,2017-07-11,29,TechMavericks LLC,Dancing
Christina,Ramirez,2019-09-03,23,ByteCrafters Inc.,Camping
Cassandra,Graves,2016-05-11,26,TechTrend Solutions,Playing Guitar
Paul,Johnson,2017-11-17,32,ByteCrafters Group,Writing
Amanda,Robinson,2018-05-15,34,SoftwarePros Inc.,Hiking
Jeffrey,Martinez,2015-08-18,31,InnovaCorp,Writing
Gregory,White,2021-03-12,31,DataTech Corp.,Camping
Joshua,Cole,2020-11-28,21,CodeMasters Group,Fishing
Bobby,Bass,2015-09-07,33,SoftwarePros LLC,Painting
Bill,Wilson,2017-03-26,30,InnovaCorp,Yoga
Michael,Mendez,2019-04-17,30,DataMasters Solutions,Swimming
Ryan,Shaffer,2019-12-19,27,CodeMasters Ltd.,Running
Carol,Flores,2016-05-30,27,CodeMasters Ltd.,Cycling
Janice,Fletcher,2016-06-14,40,ByteCrafters Group,Playing Guitar
Lisa,Adams,2017-02-14,27,CyberSecure Solutions,Swimming
Kathryn,Schultz,2021-05-17,28,DataMasters Inc.,Gardening
Janet,Johnston,2017-01-22,27,InnovatIQ Ltd.,Running
Melvin,Morgan,2015-03-06,39,DataMasters Solutions,Yoga
Kimberly,Garcia,2021-06-11,26,CodeWizards Co.,Reading
Paul,Miranda,2016-11-04,28,DataTech Corp.,Traveling
James,Herrera,2015-06-30,29,ByteCrafters Inc.,Watching Movies
Jon,Smith,2017-12-23,27,TechTrend Solutions,Camping
Kimberly,Andrews,2016-11-19,39,ByteCrafters Group,Singing
Aaron,Jordan,2020-09-27,24,SoftwarePros Inc.,Singing
Joseph,Howard,2017-11-09,27,CyberTech Ltd.,Playing Video Games
Whitney,Murray,2021-09-10,24,InnovaCorp,Swimming
Gordon,Mendez,2016-03-22,25,ByteCrafters Group,Basketball
Joshua,Ramos,2021-07-27,22,CyberSecure Corp.,Basketball
Stacy,Vasquez,2018-02-12,36,ByteCrafters Inc.,Hiking
Connor,White,2018-10-01,32,CodeMasters Group,Fishing
Robert,Ross,2019-10-07,22,TechTrend Group,Basketball
Emily,Galvan,2020-10-04,34,TechTrend Group,Cycling
Casey,Romero,2016-03-21,40,TechGalaxy Inc.,Drawing
Audrey,Ferguson,2018-08-06,27,DataMasters Solutions,Crafting
Erin,Martin,2020-03-13,33,SoftwareSolutions LLC,Photography
Brenda,Irwin,2018-06-10,35,InnovaCorp Ltd.,Drawing
James,Austin,2019-05-20,23,TechTrend Group,Hiking
Daniel,Anderson,2021-12-16,40,CodeWizards Co.,Camping
Jennifer,Sanders,2021-12-22,38,ByteCrafters Group,Gardening
Rebecca,Williams,2018-05-15,26,TechMavericks Solutions,Fishing
Kara,Ford,2016-06-28,24,TechGiant Inc.,Gardening
Yolanda,Parker,2015-03-31,35,CodeMasters Group,Camping
Lori,Alvarado,2015-04-29,24,ByteCrafters Inc.,Singing
Michael,Hull,2020-09-03,35,TechMavericks LLC,Playing Video Games
Jessica,Wheeler,2017-09-28,26,SoftwareSolutions Pro,Camping
Dustin,Washington,2015-11-12,40,CyberTech Ltd.,Fishing
Jared,Davies,2020-12-09,22,CodeWizards Ltd.,Hiking
Kirsten,Jones,2021-06-10,31,CodeWizards Co.,Watching Movies
Tony,Turner,2021-03-15,36,ByteCrafters Group,Watching Movies
Rebecca,Davis,2019-09-30,38,CodeMasters Ltd.,Gaming
Seth,Ryan,2020-08-29,40,DigitalEdge Pros,Playing Guitar
Alexander,Thompson,2015-06-27,34,CyberTech Ltd.,Fishing
Jodi,Prince,2015-05-31,31,TechMavericks Solutions,Hiking
Frank,Hughes,2019-11-16,26,InnovaCorp,Running
Taylor,Terrell,2018-07-10,33,CyberTech Ltd.,Playing Guitar
Kristen,Bishop,2016-04-15,23,CodeMasters Ltd.,Gardening
Brian,Hill,2018-07-19,31,SoftwareSolutions LLC,Baking
Amy,Huber,2016-02-22,25,DigitalEdge Pros,Cooking
Kevin,Solomon,2019-06-08,39,DataMasters Solutions,Gaming
Dennis,Harris,2016-03-15,26,CyberSecure Corp.,Traveling
Martin,Sanchez,2021-03-23,30,TechMavericks Solutions,Dancing
Karen,Wiley,2018-12-25,29,DataTech Corp.,Photography
Jennifer,Anderson,2016-04-19,23,TechGalaxy Inc.,Traveling
Robert,Romero,2019-11-04,28,CodeMasters Group,Baking
Kristen,Rogers,2021-11-25,26,CyberSecure Solutions,Reading
Mary,Pham,2017-07-09,32,CodeWizards Ltd.,Baking
Billy,Weaver,2018-12-03,38,DigitalEdge Innovations,Basketball
Blake,Elliott,2021-04-22,38,SoftwareSolutions LLC,Fishing
Kaitlyn,Bullock,2018-08-08,32,SoftwareSolutions LLC,Traveling
Kathryn,Williams,2018-04-02,27,CodeMasters Group,Playing Video Games
Katherine,Johnson,2017-11-26,32,InnovaCorp,Singing
Jacob,Burns,2017-05-17,31,DataMasters Solutions,Painting
Jennifer,Mack,2020-10-13,23,ByteCrafters Inc.,Photography
Michael,Brown,2021-06-12,29,CyberTech Ltd.,Dancing
Dominique,Montgomery,2019-04-19,23,CodeMasters Group,Cooking
Candice,Bell,2016-05-26,31,DataTech Corp.,Watching Movies
Mary,Thornton,2015-09-22,34,CodeWizards Ltd.,Singing
Mary,Whitehead,2015-06-02,39,DigitalEdge Solutions,Swimming
Andrea,Lutz,2021-09-07,31,CodeWizards Co.,Singing
Pamela,Dean,2021-02-02,36,ByteCrafters Group,Yoga
David,Salazar,2019-01-08,33,CodeWizards Ltd.,Fishing
Ryan,Jones,2018-02-07,34,CodeMasters Group,Camping
Douglas,Chavez,2015-07-20,37,ByteCrafters Inc.,Photography
Wendy,Robbins,2015-12-26,26,TechGalaxy Inc.,Painting
Anna,Collins,2015-12-03,25,ByteCrafters Inc.,Swimming
Richard,Mccall,2021-10-19,37,CyberSecure Corp.,Painting
Aaron,Barr,2017-11-11,22,SoftwareSolutions Pro,Yoga
Jonathan,Lewis,2021-10-31,33,CodeWizards Co.,Gaming
Kevin,Burke,2020-02-27,24,TechTrend Solutions,Swimming
Elizabeth,Dougherty,2017-11-28,21,DataMasters Solutions,Cooking
Sara,Pugh,2021-09-06,30,DigitalEdge Pros,Cooking
Mark,Cummings,2017-01-02,23,SoftwarePros LLC,Playing Video Games
Joanna,Mendoza,2021-02-06,39,TechGalaxy Inc.,Camping
Denise,Fernandez,2015-08-21,21,TechMavericks LLC,Basketball
Marie,Andrews,2017-10-27,28,SoftwareSolutions Pro,Reading
Nicholas,Chapman,2016-07-22,24,TechTrend Group,Basketball
Selena,Long,2018-12-18,25,ByteCrafters Group,Gardening
Taylor,Clay,2021-04-06,29,InnovatIQ Ltd.,Fishing
Christine,Best,2020-02-22,26,DataMasters Inc.,Yoga
Amy,Davis,2016-04-23,34,InnovatIQ Ltd.,Dancing
Matthew,Gordon,2016-09-10,34,CyberSecure Corp.,Writing
Jennifer,Peters,2016-11-19,32,TechMavericks Solutions,Yoga
Brett,Hodges,2016-09-19,25,TechMavericks Solutions,Playing Guitar
Duane,Mcpherson,2016-04-07,34,TechGalaxy Inc.,Yoga
Nathan,Nelson,2020-07-03,38,InnovaCorp Ltd.,Playing Guitar
Alexander,Moore,2017-05-31,32,DataMasters Inc.,Playing Video Games
Rachel,Meyers,2017-01-06,38,TechMavericks LLC,Dancing
Michael,Sullivan,2018-10-19,32,TechTrend Solutions,Cooking
Jared,Jacobs,2019-05-25,38,SoftwareSolutions Pro,Camping
Melissa,Wells,2017-08-15,23,CodeMasters Ltd.,Camping
Gloria,Mcdaniel,2018-12-05,26,SoftwarePros Inc.,Reading
Melanie,Hampton,2020-12-25,33,CodeMasters Ltd.,Photography
Alexis,Roberts,2016-08-30,35,DigitalEdge Innovations,Writing
Andrew,Jones,2016-05-21,35,SoftwareSolutions LLC,Singing
Michael,Davidson,2016-10-29,23,TechMavericks LLC,Crafting
Kaitlyn,Hampton,2018-10-14,31,DataMasters Solutions,Fishing
Kirsten,Nelson,2018-01-02,36,SoftwareSolutions LLC,Watching Movies
Bryan,Jones,2020-09-04,40,CodeMasters Ltd.,Running
Kathleen,Allen,2017-02-06,21,DataMasters Inc.,Watching Movies
James,Parker,2016-10-10,27,CodeWizards Ltd.,Painting
Brian,Gregory,2020-06-01,24,CyberSecure Solutions,Camping
Timothy,Barber,2017-07-24,39,DataTech Corp.,Playing Guitar
Bryan,Atkinson,2016-07-21,40,InnovaCorp,Basketball
Christine,Morris,2017-09-03,26,DataMasters Inc.,Traveling
Robert,Brown,2015-12-07,29,CyberSecure Corp.,Photography
Jacob,Stewart,2015-09-12,29,TechMavericks LLC,Swimming
Kristen,Gates,2018-11-14,26,ByteCrafters Group,Yoga
Adrian,Allen,2021-10-11,25,DigitalEdge Solutions,Reading
Melissa,Thomas,2018-01-26,40,ByteCrafters Inc.,Reading
Erica,Collins,2020-04-05,25,InnovaCorp Ltd.,Writing
Cheryl,Davis,2020-09-18,38,DataMasters Inc.,Painting
Tracy,Miller,2021-10-25,30,TechGiant Inc.,Camping
Amy,Carroll,2021-01-15,29,InnovaCorp Ltd.,Crafting
Maxwell,Cook,2020-06-04,23,CodeWizards Co.,Running
Colleen,Taylor,2015-04-20,27,SoftwarePros LLC,Watching Movies
Kristine,Mcknight,2018-03-23,37,TechGalaxy Inc.,Basketball
Paul,Baker,2021-08-19,30,TechGiant Inc.,Playing Video Games
Kevin,Reynolds,2016-06-23,22,SoftwarePros Inc.,Watching Movies
Tony,Lewis,2020-12-07,35,InnovaCorp Ltd.,Traveling
Morgan,Marshall,2020-10-04,39,TechTrend Group,Photography
Heidi,Andrews,2019-04-18,24,DigitalEdge Solutions,Reading
Kenneth,Hernandez,2019-03-19,40,DataMasters Solutions,Watching Movies
Cheryl,Cruz,2015-10-06,39,DigitalEdge Innovations,Swimming
Joe,Williams,2019-03-16,22,CodeMasters Ltd.,Crafting
Lisa,Page,2015-04-17,35,InnovatIQ Ltd.,Baking
Robert,Wood,2019-04-05,22,DigitalEdge Solutions,Dancing
Michelle,Hebert,2021-12-23,26,DigitalEdge Innovations,Cycling
Colton,Kerr,2018-02-24,28,CyberSecure Corp.,Running
John,Johnson,2019-03-25,32,DataMasters Solutions,Cycling
Connor,Williams,2015-04-14,25,TechMavericks LLC,Cooking
Danielle,Hays,2019-04-23,24,CodeWizards Co.,Drawing
Leslie,Brown,2015-09-22,31,InnovatIQ Ltd.,Playing Guitar
Melanie,Anderson,2017-07-01,33,DataTech Corp.,Cycling
Kathryn,Bray,2017-12-14,33,ByteCrafters Inc.,Running
John,Williams,2016-04-09,38,InnovaCorp Ltd.,Fishing
Hannah,Warner,2019-12-16,39,CodeMasters Group,Basketball
Heather,Davis,2019-10-14,31,CyberTech Ltd.,Drawing
Barbara,Carter,2015-03-22,34,TechMavericks LLC,Hiking
Amanda,Gomez,2017-03-08,35,ByteCrafters Inc.,Running
Robin,Johnson,2018-01-16,38,TechMavericks Solutions,Gardening
Ashley,Duncan,2015-06-26,34,CyberSecure Corp.,Playing Video Games
Patricia,Herrera,2016-01-13,24,InnovaCorp Ltd.,Running
Natalie,Rodriguez,2017-05-18,30,SoftwarePros LLC,Gaming
Tracy,Bullock,2018-05-31,28,CodeMasters Ltd.,Running
Christopher,Edwards,2016-06-14,23,SoftwarePros Inc.,Cooking
Laura,Skinner,2016-03-24,26,TechTrend Group,Watching Movies
William,Hayes,2016-07-20,35,SoftwareSolutions Pro,Drawing
Marie,Rowe,2016-07-08,26,InnovatIQ Ltd.,Yoga
Lisa,Wagner,2020-10-11,26,CodeWizards Co.,Playing Guitar
Thomas,Mathis,2018-11-25,26,InnovatIQ Ltd.,Baking
Troy,Smith,2021-11-23,27,InnovatIQ Ltd.,Painting
Sharon,Savage,2015-04-23,38,TechMavericks LLC,Singing
Daniel,Roberts,2021-06-25,35,ByteCrafters Inc.,Singing
Lindsey,Johnson,2015-11-17,34,ByteCrafters Inc.,Gaming
Amy,Brown,2018-12-31,39,CyberSecure Corp.,Gaming
Nicole,Medina,2015-06-28,29,DataMasters Inc.,Cycling
Lori,Owen,2020-08-21,37,TechGiant Inc.,Gaming
Noah,Kelley,2019-05-14,30,SoftwareSolutions LLC,Cooking
Ashley,Williams,2016-04-19,30,DigitalEdge Solutions,Cycling
Jasmine,Bates,2016-12-16,28,DataMasters Inc.,Gaming
Selena,Gregory,2021-02-21,39,TechTrend Solutions,Reading
Bruce,Hernandez,2018-12-26,22,InnovatIQ Ltd.,Playing Video Games
Holly,Dalton,2016-08-26,39,CyberTech Ltd.,Photography
Lisa,Maynard,2020-07-31,27,CyberSecure Solutions,Writing
Brandon,Wells,2015-04-25,23,ByteCrafters Group,Basketball
Jennifer,Walters,2020-08-22,40,DataMasters Solutions,Basketball
William,Banks,2019-10-09,31,InnovaCorp Ltd.,Gaming
Barbara,Cole,2017-08-05,31,SoftwarePros LLC,Fishing
Steven,Young,2018-09-26,24,SoftwareSolutions Pro,Running
Jermaine,Jackson,2017-12-27,35,TechGiant Inc.,Playing Guitar
Timothy,Colon,2020-01-27,39,TechMavericks LLC,Gaming
Edward,Miller,2018-06-10,39,SoftwareSolutions Pro,Running
William,Martinez,2016-05-29,30,CyberTech Ltd.,Playing Video Games
Katie,Stevens,2021-11-05,39,TechGalaxy Inc.,Photography
Claudia,Townsend,2021-05-08,26,DataMasters Solutions,Singing
Jessica,Sandoval,2016-09-13,39,TechMavericks Solutions,Cooking
Alexis,Morgan,2020-12-08,35,CodeWizards Ltd.,Traveling
Nathan,Phelps,2019-06-02,29,ByteCrafters Inc.,Yoga
Diane,Cox,2019-03-27,40,CyberTech Ltd.,Fishing
Taylor,Robinson,2020-09-25,40,TechMavericks Solutions,Writing
Taylor,Gordon,2020-03-21,37,ByteCrafters Inc.,Camping
Robert,Brooks,2015-04-16,36,SoftwareSolutions Pro,Gardening
Sonia,Juarez,2016-09-29,26,InnovaCorp Ltd.,Reading
David,Carr,2017-04-05,29,CodeWizards Ltd.,Fishing
Carol,Pope,2018-01-10,37,CodeWizards Ltd.,Cycling
Christy,Brown,2020-11-18,27,TechTrend Group,Baking
Rodney,Wilson,2021-01-20,24,TechTrend Group,Singing
Crystal,Moore,2020-10-27,40,ByteCrafters Inc.,Basketball
Cindy,Greene,2018-10-17,35,TechMavericks Solutions,Swimming
Kyle,Reyes,2017-12-19,21,InnovatIQ Ltd.,Photography
Paul,Rice,2020-08-06,28,SoftwareSolutions LLC,Swimming
Karen,Coleman,2020-10-25,28,CodeWizards Ltd.,Cycling
Yolanda,Murphy,2019-04-24,38,CyberTech Ltd.,Gaming
Andrew,Mcintosh,2018-10-15,38,SoftwarePros LLC,Drawing
Emily,Young,2018-04-04,23,SoftwarePros LLC,Fishing
Kim,Alexander,2020-10-08,27,CodeMasters Ltd.,Crafting
Allison,Simmons,2020-07-22,32,TechTrend Group,Gaming
Maria,Baker,2020-04-28,26,InnovaCorp,Basketball
Zachary,Adams,2016-07-24,34,InnovatIQ Ltd.,Hiking
Angela,Holmes,2018-01-20,24,ByteCrafters Group,Gaming
Ashley,Quinn,2016-12-04,39,CyberTech Ltd.,Playing Guitar
Janice,Morales,2020-10-12,29,TechGiant Inc.,Basketball
Jaime,Nelson,2018-01-05,27,DigitalEdge Innovations,Camping
Mark,Humphrey,2015-06-26,34,SoftwareSolutions LLC,Reading
Donald,Frost,2015-08-27,34,DataMasters Inc.,Photography
Tracy,Wheeler,2016-03-11,36,TechMavericks Solutions,Writing
Robert,Hines,2017-03-20,28,ByteCrafters Group,Watching Movies
Maria,Nelson,2018-05-20,22,SoftwarePros LLC,Swimming
Kristen,Jones,2015-04-26,29,InnovatIQ Ltd.,Running
Lynn,Ford,2017-09-13,25,TechTrend Group,Yoga
Erin,Carney,2021-07-24,40,InnovaCorp,Cooking
James,Stokes,2021-01-10,35,DataMasters Inc.,Traveling
Keith,King,2017-12-24,38,InnovaCorp,Hiking
James,Boyd,2017-11-19,36,TechGalaxy Inc.,Gaming
Samantha,Cruz,2016-07-14,34,SoftwarePros LLC,Traveling
Blake,Blanchard,2019-08-11,37,TechGalaxy Inc.,Reading
Rebecca,James,2016-09-03,27,InnovatIQ Ltd.,Reading
Jared,Gomez,2017-10-31,22,CodeMasters Ltd.,Playing Guitar
Emily,Lee,2017-09-08,32,SoftwarePros Inc.,Watching Movies
Edward,Maldonado,2017-10-10,27,ByteCrafters Group,Cooking
Michael,Cruz,2019-02-16,38,SoftwareSolutions Pro,Crafting
Patty,Rodriguez,2016-02-28,35,SoftwareSolutions Pro,Baking
Steven,Bryant,2020-05-15,36,CodeMasters Group,Photography
Catherine,Patterson,2021-02-01,23,TechTrend Solutions,Reading
Robert,Vasquez,2020-09-21,23,TechMavericks LLC,Traveling
Harold,Elliott,2021-02-02,22,CyberSecure Corp.,Playing Video Games
Christopher,Jordan,2015-04-22,32,DataTech Corp.,Playing Video Games
Tina,Camacho,2015-03-12,23,DigitalEdge Pros,Fishing
Gregory,Arnold,2016-06-11,36,CodeWizards Ltd.,Singing
Jennifer,Rice,2019-05-09,37,InnovaCorp,Gaming
Paul,Moses,2020-09-14,36,TechGiant Inc.,Gaming
Mary,Wong,2015-11-24,29,SoftwarePros LLC,Drawing
Cassandra,Harrington,2016-01-27,31,TechGalaxy Inc.,Gaming
Zachary,Wallace,2019-09-17,27,SoftwareSolutions LLC,Cycling
Catherine,Mcdaniel,2019-04-16,30,TechMavericks Solutions,Cycling
Richard,Guerra,2021-02-13,21,DigitalEdge Innovations,Singing
Dominic,James,2020-05-25,37,InnovatIQ Ltd.,Reading
Jasmine,Swanson,2021-09-20,27,CyberSecure Corp.,Reading
Derek,Craig,2019-10-31,32,DataTech Corp.,Dancing
Amanda,Herman,2018-03-31,30,TechTrend Group,Drawing
Elizabeth,Harrison,2021-12-03,22,ByteCrafters Inc.,Playing Guitar
Charles,Morales,2019-07-16,33,InnovaCorp Ltd.,Dancing
Cynthia,Lewis,2021-03-26,24,TechGalaxy Inc.,Hiking
Robert,Duffy,2021-08-14,33,DigitalEdge Pros,Cooking
Sherry,Lewis,2017-09-23,21,SoftwarePros Inc.,Photography
Mark,Cunningham,2015-08-20,25,DigitalEdge Pros,Basketball
Joy,Baxter,2015-12-29,23,DataMasters Inc.,Fishing
April,Parker,2020-12-06,31,DataMasters Inc.,Painting
Tamara,Compton,2018-12-09,22,DataTech Corp.,Traveling
Barbara,Strickland,2021-03-22,33,CodeWizards Co.,Painting
Debra,Good,2019-12-15,26,SoftwarePros LLC,Drawing
Tommy,Robinson,2019-07-09,37,SoftwarePros Inc.,Cycling
Stephanie,Forbes,2015-10-24,38,TechTrend Solutions,Watching Movies
Judy,Gardner,2019-10-29,30,DigitalEdge Solutions,Gardening
Debra,Cunningham,2020-08-25,33,DataTech Corp.,Yoga
Gary,Coleman,2015-08-23,32,DataMasters Solutions,Baking
Jared,Black,2016-08-06,25,TechMavericks Solutions,Basketball
Robert,Montgomery,2015-06-11,32,DigitalEdge Solutions,Basketball
Tony,Brown,2019-05-18,24,DataTech Corp.,Reading
Susan,Salinas,2019-09-28,23,InnovaCorp,Baking
Craig,Smith,2021-10-02,34,DigitalEdge Pros,Cooking
Arthur,Flores,2016-04-02,32,SoftwareSolutions Pro,Photography
Bethany,Johnson,2016-11-13,40,TechGalaxy Inc.,Yoga
Stacy,Waters,2021-02-07,36,ByteCrafters Group,Swimming
Lauren,Clark,2021-02-26,30,CodeMasters Ltd.,Crafting
Gregory,Williams,2020-10-14,24,DataMasters Inc.,Painting
Trevor,Alvarado,2019-05-20,40,InnovatIQ Ltd.,Playing Video Games
Michelle,Norris,2019-01-14,33,CodeMasters Group,Baking
Suzanne,Smith,2020-10-09,24,TechGiant Inc.,Baking
John,Hernandez,2021-05-15,27,ByteCrafters Group,Basketball
David,Baird,2015-04-24,39,CyberTech Ltd.,Hiking
Bradley,Foley,2019-08-29,34,SoftwarePros LLC,Gardening
Samantha,Jackson,2019-07-09,38,TechMavericks LLC,Baking
Kathleen,Knapp,2016-03-31,24,TechGalaxy Inc.,Dancing
Tracy,Blevins,2019-04-10,30,CyberTech Ltd.,Cycling
Martin,Yang,2018-09-03,28,DataMasters Solutions,Gardening
Kelly,Burgess,2016-07-08,39,DigitalEdge Solutions,Photography
Mark,Petty,2019-05-31,29,DigitalEdge Solutions,Playing Video Games
Karen,Meyer,2019-02-15,37,CodeWizards Ltd.,Basketball
